Alfie,Balistreri-Wilkinson,2032-05-29T13:05:22-7:00
Alfie,"Botsford, Koelpin and Treutel",2032-05-29T10:05:57-7:00
Alfie,"Fadel, Schuster and Toy",2032-05-29T16:05:58-7:00
Alfie,"Lueilwitz, Harvey and Quitzon",2032-05-29T10:05:01-7:00
Alfie,Nicolas and Sons,2032-05-29T12:05:46-7:00
Alfie,"Schaden, Conroy and Hoppe",2032-05-29T15:05:22-7:00
Angel,Balistreri-Wilkinson,2032-05-29T09:05:57-7:00
Angel,Blanda-MacGyver,2032-05-29T16:05:45-7:00
Angel,"Effertz, O'Keefe and O'Conner",2032-05-29T10:05:39-7:00
Angel,Gerlach Inc,2032-05-29T09:05:39-7:00
Angel,Toy Inc,2032-05-29T09:05:57-7:00
Angel,Von Group,2032-05-29T16:05:43-7:00
Charlie,Balistreri-Wilkinson,2032-05-29T12:05:58-7:00
Charlie,"Botsford, Koelpin and Treutel",2032-05-29T16:05:21-7:00
Charlie,"Fadel, Schuster and Toy",2032-05-29T12:05:13-7:00
Charlie,Nicolas and Sons,2032-05-29T12:05:54-7:00
Charlie,"Schaden, Conroy and Hoppe",2032-05-29T14:05:35-7:00
Charlie,"Torphy, O'Kon and Smith",2032-05-29T13:05:19-7:00
Chloe,"Bayer, Hettinger and Nader",2032-05-29T13:05:57-7:00
Chloe,"Effertz, O'Keefe and O'Conner",2032-05-29T12:05:05-7:00
Chloe,Gerlach Inc,2032-05-29T16:05:37-7:00
Chloe,Langosh-Tremblay,2032-05-29T13:05:18-7:00
Chloe,"Lueilwitz, Harvey and Quitzon",2032-05-29T10:05:08-7:00
Chloe,Wilkinson and Sons,2032-05-29T16:05:44-7:00
Coco,Blanda-MacGyver,2032-05-29T13:05:25-7:00
Coco,"Effertz, O'Keefe and O'Conner",2032-05-29T14:05:16-7:00
Coco,Gerlach Inc,2032-05-29T09:05:32-7:00
Coco,Langosh-Tremblay,2032-05-29T11:05:20-7:00
Coco,"Torphy, O'Kon and Smith",2032-05-29T13:05:12-7:00
Coco,Wilkinson and Sons,2032-05-29T11:05:47-7:00
Daisy,Blanda-MacGyver,2032-05-29T11:05:59-7:00
Daisy,"Botsford, Koelpin and Treutel",2032-05-29T10:05:34-7:00
Daisy,Gerlach Inc,2032-05-29T12:05:45-7:00
Daisy,Langosh-Tremblay,2032-05-29T11:05:57-7:00
Daisy,"Lueilwitz, Harvey and Quitzon",2032-05-29T11:05:35-7:00
Daisy,Sauer and Sons,2032-05-29T16:05:31-7:00
Felix,"Effertz, O'Keefe and O'Conner",2032-05-29T09:05:19-7:00
Felix,"Fadel, Schuster and Toy",2032-05-29T11:05:32-7:00
Felix,Gerlach Inc,2032-05-29T16:05:16-7:00
Felix,Langosh-Tremblay,2032-05-29T11:05:59-7:00
Felix,"Torphy, O'Kon and Smith",2032-05-29T12:05:12-7:00
Felix,Wilkinson and Sons,2032-05-29T16:05:13-7:00
Jasper,Balistreri-Wilkinson,2032-05-29T11:05:42-7:00
Jasper,"Bayer, Hettinger and Nader",2032-05-29T16:05:10-7:00
Jasper,"Botsford, Koelpin and Treutel",2032-05-29T15:05:35-7:00
Jasper,Gerlach Inc,2032-05-29T14:05:56-7:00
Jasper,"Schaden, Conroy and Hoppe",2032-05-29T11:05:04-7:00
Jasper,"Torphy, O'Kon and Smith",2032-05-29T12:05:11-7:00
Lucky,Balistreri-Wilkinson,2032-05-29T10:05:16-7:00
Lucky,"Bayer, Hettinger and Nader",2032-05-29T16:05:02-7:00
Lucky,"Effertz, O'Keefe and O'Conner",2032-05-29T16:05:16-7:00
Lucky,Gerlach Inc,2032-05-29T10:05:53-7:00
Lucky,"Schaden, Conroy and Hoppe",2032-05-29T12:05:20-7:00
Lucky,Toy Inc,2032-05-29T09:05:24-7:00
Lucy,Dibbert and Sons,2032-05-29T09:05:38-7:00
Lucy,"Effertz, O'Keefe and O'Conner",2032-05-29T09:05:46-7:00
Lucy,Gerlach Inc,2032-05-29T14:05:41-7:00
Lucy,Langosh-Tremblay,2032-05-29T10:05:10-7:00
Lucy,"Torphy, O'Kon and Smith",2032-05-29T11:05:07-7:00
Lucy,Wilkinson and Sons,2032-05-29T11:05:54-7:00
Max,Balistreri-Wilkinson,2032-05-29T12:05:58-7:00
Max,"Bayer, Hettinger and Nader",2032-05-29T14:05:06-7:00
Max,"Effertz, O'Keefe and O'Conner",2032-05-29T12:05:28-7:00
Max,"Lueilwitz, Harvey and Quitzon",2032-05-29T16:05:43-7:00
Max,Nicolas and Sons,2032-05-29T16:05:04-7:00
Max,Sauer and Sons,2032-05-29T14:05:04-7:00
Millie,"Effertz, O'Keefe and O'Conner",2032-05-29T16:05:14-7:00
Millie,"Fadel, Schuster and Toy",2032-05-29T09:05:24-7:00
Millie,Gerlach Inc,2032-05-29T09:05:37-7:00
Millie,Langosh-Tremblay,2032-05-29T15:05:31-7:00
Millie,Toy Inc,2032-05-29T11:05:23-7:00
Millie,Wilkinson and Sons,2032-05-29T13:05:49-7:00
Milo,Balistreri-Wilkinson,2032-05-29T14:05:45-7:00
Milo,Dibbert and Sons,2032-05-29T13:05:06-7:00
Milo,"Effertz, O'Keefe and O'Conner",2032-05-29T12:05:59-7:00
Milo,Nicolas and Sons,2032-05-29T13:05:20-7:00
Milo,Toy Inc,2032-05-29T11:05:02-7:00
Milo,Von Group,2032-05-29T14:05:04-7:00
Misty,Balistreri-Wilkinson,2032-05-29T09:05:31-7:00
Misty,"Bayer, Hettinger and Nader",2032-05-29T13:05:18-7:00
Misty,"Botsford, Koelpin and Treutel",2032-05-29T13:05:06-7:00
Misty,Gerlach Inc,2032-05-29T16:05:48-7:00
Misty,Toy Inc,2032-05-29T14:05:12-7:00
Misty,Von Group,2032-05-29T09:05:27-7:00
Molly,"Botsford, Koelpin and Treutel",2032-05-29T09:05:13-7:00
Molly,Dibbert and Sons,2032-05-29T15:05:51-7:00
Molly,Gerlach Inc,2032-05-29T09:05:14-7:00
Molly,Langosh-Tremblay,2032-05-29T15:05:55-7:00
Molly,"Schaden, Conroy and Hoppe",2032-05-29T16:05:01-7:00
Molly,"Torphy, O'Kon and Smith",2032-05-29T12:05:21-7:00
Oliver,Balistreri-Wilkinson,2032-05-29T09:05:49-7:00
Oliver,"Botsford, Koelpin and Treutel",2032-05-29T12:05:59-7:00
Oliver,"Fadel, Schuster and Toy",2032-05-29T09:05:28-7:00
Oliver,"Lueilwitz, Harvey and Quitzon",2032-05-29T13:05:17-7:00
Oliver,Nicolas and Sons,2032-05-29T11:05:43-7:00
Oliver,Sauer and Sons,2032-05-29T09:05:33-7:00
Oscar,Balistreri-Wilkinson,2032-05-29T11:05:22-7:00
Oscar,"Bayer, Hettinger and Nader",2032-05-29T11:05:58-7:00
Oscar,"Botsford, Koelpin and Treutel",2032-05-29T10:05:57-7:00
Oscar,Nicolas and Sons,2032-05-29T11:05:59-7:00
Oscar,Sauer and Sons,2032-05-29T09:05:29-7:00
Oscar,"Torphy, O'Kon and Smith",2032-05-29T12:05:21-7:00
Poppy,Balistreri-Wilkinson,2032-05-29T16:05:49-7:00
Poppy,"Botsford, Koelpin and Treutel",2032-05-29T15:05:15-7:00
Poppy,"Fadel, Schuster and Toy",2032-05-29T09:05:27-7:00
Poppy,Gerlach Inc,2032-05-29T11:05:48-7:00
Poppy,"Lueilwitz, Harvey and Quitzon",2032-05-29T11:05:35-7:00
Poppy,Von Group,2032-05-29T12:05:30-7:00
Sam,Dibbert and Sons,2032-05-29T09:05:52-7:00
Sam,"Effertz, O'Keefe and O'Conner",2032-05-29T11:05:07-7:00
Sam,Gerlach Inc,2032-05-29T16:05:48-7:00
Sam,Langosh-Tremblay,2032-05-29T13:05:59-7:00
Sam,Sauer and Sons,2032-05-29T11:05:56-7:00
Sam,"Torphy, O'Kon and Smith",2032-05-29T14:05:01-7:00
Shadow,Blanda-MacGyver,2032-05-29T14:05:27-7:00
Shadow,"Effertz, O'Keefe and O'Conner",2032-05-29T11:05:09-7:00
Shadow,Gerlach Inc,2032-05-29T12:05:52-7:00
Shadow,Langosh-Tremblay,2032-05-29T14:05:41-7:00
Shadow,Sauer and Sons,2032-05-29T09:05:04-7:00
Shadow,"Torphy, O'Kon and Smith",2032-05-29T12:05:54-7:00
Simba,Dibbert and Sons,2032-05-29T09:05:03-7:00
Simba,"Effertz, O'Keefe and O'Conner",2032-05-29T10:05:53-7:00
Simba,Gerlach Inc,2032-05-29T15:05:54-7:00
Simba,Langosh-Tremblay,2032-05-29T10:05:32-7:00
Simba,Toy Inc,2032-05-29T14:05:11-7:00
Simba,Wilkinson and Sons,2032-05-29T10:05:37-7:00
Smokey,"Botsford, Koelpin and Treutel",2032-05-29T11:05:05-7:00
Smokey,Dibbert and Sons,2032-05-29T16:05:33-7:00
Smokey,Gerlach Inc,2032-05-29T12:05:36-7:00
Smokey,Langosh-Tremblay,2032-05-29T12:05:02-7:00
Smokey,"Torphy, O'Kon and Smith",2032-05-29T11:05:33-7:00
Smokey,Von Group,2032-05-29T13:05:05-7:00
Sooty,Blanda-MacGyver,2032-05-29T16:05:23-7:00
Sooty,"Botsford, Koelpin and Treutel",2032-05-29T10:05:22-7:00
Sooty,Gerlach Inc,2032-05-29T11:05:21-7:00
Sooty,Langosh-Tremblay,2032-05-29T09:05:50-7:00
Sooty,"Torphy, O'Kon and Smith",2032-05-29T13:05:10-7:00
Sooty,Von Group,2032-05-29T14:05:57-7:00
Tiger,Balistreri-Wilkinson,2032-05-29T12:05:21-7:00
Tiger,Blanda-MacGyver,2032-05-29T13:05:03-7:00
Tiger,"Botsford, Koelpin and Treutel",2032-05-29T09:05:04-7:00
Tiger,Gerlach Inc,2032-05-29T12:05:10-7:00
Tiger,"Schaden, Conroy and Hoppe",2032-05-29T10:05:03-7:00
Tiger,"Torphy, O'Kon and Smith",2032-05-29T11:05:00-7:00
